ensembl_peptide_id,tf_gene,entrezgene_id
ENSP00000000442,ESRRA,2101
ENSP00000005082,ZNF195,7748
ENSP00000006015,HOXA11,3207
ENSP00000007699,YBX2,51087
ENSP00000008391,TFAP2D,83741
ENSP00000012134,HIVEP2,3097
ENSP00000020945,SNAI2,6591
ENSP00000040584,HOXC8,3224
ENSP00000056233,NFE2L3,9603
ENSP00000078445,CREB3L3,84699
ENSP00000086933,GSC2,2928
ENSP00000155093,ZFY,7544
ENSP00000156825,MBD3,53615
ENSP00000162391,FOXJ2,55810
ENSP00000174618,MNT,4335
ENSP00000177694,TBX21,30009
ENSP00000187879,ZNF222,7673
ENSP00000188403,NR1H4,9971
ENSP00000189444,NFKB2,4791
ENSP00000190165,DMRT3,58524
ENSP00000196482,ZNF324,25799
ENSP00000196489,ZNF416,55659
ENSP00000199706,MRPL28,10573
ENSP00000201031,TFAP2C,7022
ENSP00000204517,TFAP4,7023
ENSP00000206249,ESR1,2099
ENSP00000206513,CEBPE,1053
ENSP00000207157,TBX15,6913
ENSP00000211936,ZNF184,7738
ENSP00000215057,MZF1,7593
ENSP00000215919,PATZ1,23598
ENSP00000216037,XBP1,7494
ENSP00000216268,ZBED4,9889
ENSP00000216513,SIX4,51804
ENSP00000216923,ZFP64,55734
ENSP00000217026,MYBL2,4605
ENSP00000217086,SALL4,57167
ENSP00000217162,TCFL5,10732
ENSP00000217999,RHOXF1,158800
ENSP00000219069,ZNF263,10127
ENSP00000219091,ZNF205,7755
ENSP00000219478,ZNF500,26048
ENSP00000219782,MAZ,4150
ENSP00000220888,TRPS1,7227
ENSP00000221315,ZNF432,9668
ENSP00000221327,ZNF180,7733
ENSP00000221355,ZNF780B,163131
ENSP00000221399,TULP2,7288
ENSP00000221452,RELB,5971
ENSP00000221665,FIZ1,84922
ENSP00000221735,ZNF419,79744
ENSP00000221996,CRX,1406
ENSP00000222122,DBP,1628
ENSP00000222305,USF2,7392
ENSP00000222329,ERF,2077
ENSP00000222339,ZNF574,64763
ENSP00000222584,SP4,6671
ENSP00000222598,DLX5,1749
ENSP00000222718,HOXA2,3199
ENSP00000222726,HOXA5,3202
ENSP00000222728,HOXA6,3203
ENSP00000222753,HOXA13,3209
ENSP00000222761,EVX1,2128
ENSP00000223428,ZNF510,22869
ENSP00000223459,ZNF688,146542
ENSP00000224073,EDF1,8721
ENSP00000225648,HOXB6,3216
ENSP00000226067,HLF,3131
ENSP00000226247,FOXN1,8456
ENSP00000226382,PHOX2B,8929
ENSP00000226574,NFKB1,4790
ENSP00000227163,SPI1,6688
ENSP00000228251,YBX3,8531
ENSP00000228289,ZNF268,10795
ENSP00000228437,PRDM4,11108
ENSP00000228641,MYF6,4618
ENSP00000228644,MYF5,4617
ENSP00000228682,GLI1,2735
ENSP00000228741,ELK3,2004
ENSP00000228865,CREBL2,1389
ENSP00000229022,VDR,7421
ENSP00000229307,NANOG,79923
ENSP00000229405,ZNF76,7629
ENSP00000229418,NFYA,4800
ENSP00000229771,TULP1,7287
ENSP00000230122,ZBTB24,9841
ENSP00000230323,TFEB,7942
ENSP00000230658,ISL1,3670
ENSP00000230732,POU4F3,5459
ENSP00000231121,HAND1,9421
ENSP00000231357,IRX4,50805
ENSP00000231509,NR3C1,2908
ENSP00000231656,CDX1,1044
ENSP00000232014,BCL6,604
ENSP00000232424,HES1,3280
ENSP00000232974,ZBTB47,92999
ENSP00000233638,TLX2,3196
ENSP00000234091,ID2,3398
ENSP00000234198,DLX2,1746
ENSP00000234392,VAX2,25806
ENSP00000235372,PRDM2,7799
ENSP00000235790,KDM5B,10765
ENSP00000236255,GRHL3,57822
ENSP00000236914,NR5A2,2494
ENSP00000236995,CREB1,1385
ENSP00000237289,TNFAIP3,7128
ENSP00000237316,TCF21,6943
ENSP00000237937,ZFAND5,7763
ENSP00000238558,GSC,145258
ENSP00000239007,MXI1,4601
ENSP00000239144,HOXB8,3218
ENSP00000239151,HOXB5,3215
ENSP00000239165,HOXB7,3217
ENSP00000239243,MSX2,4488
ENSP00000239461,PRRX1,5396
ENSP00000239882,ELF1,1997
ENSP00000239885,SMAD9,4093
ENSP00000239938,EGR1,1958
ENSP00000240306,DLX4,1748
ENSP00000240328,TBX2,6909
ENSP00000240335,TBX4,9496
ENSP00000240499,ZNF141,7700
ENSP00000240587,TSHZ3,57616
ENSP00000240719,ZNF549,256051
ENSP00000240727,ZSCAN18,65982
ENSP00000240731,ZNF211,10520
ENSP00000241001,PAX6,5080
ENSP00000241651,MYOG,4656
ENSP00000242057,AHR,196
ENSP00000242066,ETV1,2115
ENSP00000242159,HOXA7,3204
ENSP00000242261,TWIST1,7291
ENSP00000242462,NEUROG3,50674
ENSP00000242480,EGR2,1959
ENSP00000242728,BHLHE41,79365
ENSP00000242804,ZNF442,79973
ENSP00000242994,NEUROD4,58158
ENSP00000243050,NR4A1,3164
ENSP00000243056,HOXC13,3229
ENSP00000243082,HOXC11,3227
ENSP00000243103,HOXC12,3228
ENSP00000243108,HOXC6,3223
ENSP00000243440,BATF3,55509
ENSP00000243639,ZNF468,90333
ENSP00000243643,ZNF415,55786
ENSP00000243644,ZNF350,59348
ENSP00000243810,SP140L,93349
ENSP00000243914,CTCFL,140690
ENSP00000244050,SNAI1,6615
ENSP00000244576,ZNF391,346157
ENSP00000245138,CNOT1,23019
ENSP00000245414,IRF1,3659
ENSP00000245663,ZBTB46,140685
ENSP00000245919,FOSB,2354
ENSP00000246080,TCF15,6939
ENSP00000246104,SCRT2,85508
ENSP00000246163,MAX,4149
ENSP00000246229,PLAGL2,5326
ENSP00000246672,NR1D1,9572
ENSP00000246912,MLX,6945
ENSP00000247161,ELK1,2002
ENSP00000247182,SIX1,6495
ENSP00000247584,HIVEP3,59269
ENSP00000247930,ZNF777,27153
ENSP00000247956,ZNF317,57693
ENSP00000248071,KLF2,10365
ENSP00000248211,ZNF10,7556
ENSP00000249375,IRF5,3663
ENSP00000249440,HOXD3,3232
ENSP00000249499,HOXD9,3235
ENSP00000249501,HOXD10,3236
ENSP00000249504,HOXD11,3237
ENSP00000249636,PIAS1,8554
ENSP00000249910,MBD4,8930
ENSP00000250003,MYOD1,4654
ENSP00000250024,E2F8,79733
ENSP00000250076,ZNF232,7775
ENSP00000250373,NFATC4,4776
ENSP00000250448,FOXA1,3169
ENSP00000250916,KLF16,83855
ENSP00000251020,SALL1,6299
ENSP00000251203,PBX4,80714
ENSP00000251269,ZNF221,7638
ENSP00000251363,CERS4,79603
ENSP00000251808,GRHL2,79977
ENSP00000252207,ZSCAN9,7746
ENSP00000252211,ZKSCAN3,80317
ENSP00000252268,DPF2,5977
ENSP00000252463,ZSCAN10,84891
ENSP00000252713,ZNF655,79027
ENSP00000252797,ZNF764,92595
ENSP00000252818,JUND,3727
ENSP00000252840,ZNF557,79230
ENSP00000252971,MNX1,3110
ENSP00000252979,ZNF337,26152
ENSP00000252997,GATA5,140628
ENSP00000253008,PRDM12,59335
ENSP00000253115,ZNF426,79088
ENSP00000253144,ZNF331,55422
ENSP00000253159,ZNF236,7776
ENSP00000253506,NFATC1,4772
ENSP00000253727,NR1H2,7376
ENSP00000253968,BARX1,56033
ENSP00000254066,RARA,5914
ENSP00000254166,ZNF132,7691
ENSP00000254182,ZNF211,10520
ENSP00000254231,LIN28A,79727
ENSP00000254321,ZNF700,90592
ENSP00000254325,RFX1,5989
ENSP00000254480,SMARCC1,6599
ENSP00000255129,ZNF334,55713
ENSP00000255198,ZBED3,84327
ENSP00000255616,ZNF414,84330
ENSP00000255746,ZNF679,168417
ENSP00000256117,E2F5,1875
ENSP00000256429,MBD2,8932
ENSP00000256495,BHLHE40,8553
ENSP00000257312,DZIP1,22873
ENSP00000257555,HNF1A,6927
ENSP00000257566,TBX3,6926
ENSP00000257567,TBX3,6926
ENSP00000257749,BACH2,60468
ENSP00000257831,EHF,26298
ENSP00000257832,ELF5,2001
ENSP00000257899,RP11-644F5.10,NA
ENSP00000257915,TFCP2,7024
ENSP00000258106,EMX1,2016
ENSP00000258381,SP110,3431
ENSP00000258382,SP110,3431
ENSP00000258387,PAX3,5077
ENSP00000258672,SETDB2,83852
ENSP00000258829,NKX2-8,26257
ENSP00000258963,VEZF1,7716
ENSP00000259021,KAT7,11143
ENSP00000259395,ZNF189,7743
ENSP00000259523,MYC,4609
ENSP00000259622,DMRT2,10655
ENSP00000259803,GCM1,8521
ENSP00000259806,FOXF2,2295
ENSP00000259915,POU5F1,5460
ENSP00000260058,CREBZF,58487
ENSP00000260264,POU2F3,25833
ENSP00000260653,SIX3,6496
ENSP00000260926,SATB2,23314
ENSP00000261178,ARNTL2,56938
ENSP00000261302,FOXN3,1112
ENSP00000261332,ZNF24,7572
ENSP00000261438,KLF3,51274
ENSP00000261443,CSDE1,7812
ENSP00000261454,PROX1,5629
ENSP00000261523,RORA,6095
ENSP00000261560,ZNF430,80264
ENSP00000261646,SREBF1,6720
ENSP00000261726,CUX2,23316
ENSP00000261731,LHX5,64211
ENSP00000261749,ZFAND6,54469
ENSP00000261980,VSX2,338917
ENSP00000262032,IKZF4,64375
ENSP00000262041,MEOX2,4223
ENSP00000262053,ATF1,466
ENSP00000262158,SMAD7,4092
ENSP00000262160,SMAD2,4087
ENSP00000262238,YY1,7528
ENSP00000262241,RCOR1,23186
ENSP00000262259,ZNF175,7728
ENSP00000262366,GLIS2,84662
ENSP00000262367,CREBBP,1387
ENSP00000262383,ZNF423,23090
ENSP00000262426,FOXF1,2294
ENSP00000262525,ZNF629,23361
ENSP00000262630,ZBTB32,27033
ENSP00000262735,PPARA,5465
ENSP00000262894,ZNF225,7768
ENSP00000262901,SIM1,6492
ENSP00000262904,E2F3,1871
ENSP00000262941,ZSCAN25,221785
ENSP00000262965,TCF3,6929
ENSP00000262971,PIAS4,51588
ENSP00000263095,ZNF264,9422
ENSP00000263253,EP300,2033
ENSP00000263334,PAX8,7849
ENSP00000263335,PAX8,7849
ENSP00000263351,ZNF541,84215
ENSP00000263381,WIZ,58525
ENSP00000263463,PGR,5241
ENSP00000263610,BARHL1,56751
ENSP00000263707,TFCP2L1,29842
ENSP00000263726,LHX4,89884
ENSP00000263734,EPAS1,2034
ENSP00000263781,POU1F1,5449
ENSP00000264008,NFATC3,4775
ENSP00000264010,CTCF,10664
ENSP00000264052,SP100,6672
ENSP00000264110,ATF2,1386
ENSP00000264444,MXD1,4084
ENSP00000264596,NEIL3,55247
ENSP00000264637,THRA,7067
ENSP00000264657,STAT3,6774
ENSP00000264674,MECOM,2122
ENSP00000264716,FOSL2,2355
ENSP00000264731,TP63,8626
ENSP00000264808,PRDM5,11107
ENSP00000264824,LYL1,4066
ENSP00000264834,KLF1,10661
ENSP00000265340,PITX1,5307
ENSP00000265343,AFF4,27125
ENSP00000265346,ZMIZ2,83637
ENSP00000265354,SRF,6722
ENSP00000265372,CREM,1390
ENSP00000265436,FOXP2,93986
ENSP00000265440,TFEC,22797
ENSP00000265460,MYRF,745
ENSP00000265801,LZTS1,11178
ENSP00000265827,ZNF800,168850
ENSP00000266068,GMEB2,26205
ENSP00000266077,SLC2A4RG,56731
ENSP00000266269,PATZ1,23598
ENSP00000266304,TEF,7008
ENSP00000266427,ETV6,2120
ENSP00000266503,ARNTL2,56938
ENSP00000266508,AEBP2,121536
ENSP00000266744,ASCL1,429
ENSP00000267064,SMARCC2,6601
ENSP00000267294,ZIC5,85416
ENSP00000267525,ESR2,2100
ENSP00000267569,JDP2,122953
ENSP00000267807,ZNF280D,54816
ENSP00000267807,ZNF280D,145783
ENSP00000267811,TCF12,6938
ENSP00000268154,ZNF710,374655
ENSP00000268489,ZFHX3,463
ENSP00000268638,IRF8,3394
ENSP00000268655,ZNF174,7727
ENSP00000268712,NCOR1,9611
ENSP00000269216,GATA6,2627
ENSP00000269305,TP53,7157
ENSP00000269468,MBD1,4152
ENSP00000269469,MBD1,4152
ENSP00000269471,MBD1,4152
ENSP00000269829,ZNF544,27300
ENSP00000269834,ZIM3,114026
ENSP00000269844,PRDM15,63977
ENSP00000269945,DMRTC2,63946
ENSP00000269973,ZNF45,7596
ENSP00000270001,ZFP14,57677
ENSP00000270014,ZNF155,7711
ENSP00000270451,ZNF581,51545
ENSP00000270617,ZNF473,25888
ENSP00000270632,SPIB,6689
ENSP00000270649,ZNF614,80110
ENSP00000270722,PRDM16,63976
ENSP00000271411,POU2F1,5451
ENSP00000271555,MEF2D,4209
ENSP00000271640,SETDB1,9869
ENSP00000271688,CERS2,29956
ENSP00000271889,CREB3L4,148327
ENSP00000272223,OSR1,130497
ENSP00000272369,MEIS1,4211
ENSP00000272937,HES6,55502
ENSP00000273320,ZKSCAN7,55888
ENSP00000274599,ZNF300,91975
ENSP00000274605,N4BP3,23138
ENSP00000275423,RBAK,57786
ENSP00000275461,FERD3L,222894
ENSP00000276123,ZNF711,7552
ENSP00000276480,ST18,9705
ENSP00000276594,PRDM14,63978
ENSP00000276816,ZNF16,7564
ENSP00000277225,ZNF462,58499
ENSP00000277905,VAX1,11023
ENSP00000278314,ZNF214,7761
ENSP00000278319,ZNF215,7762
ENSP00000278772,ZNF343,79175
ENSP00000278780,OVOL2,58495
ENSP00000278823,MTA2,9219
ENSP00000278836,MYRF,745
ENSP00000279386,TBX6,6911
ENSP00000279550,YBX3,8531
ENSP00000280435,BCL11B,64919
ENSP00000280696,THRB,7068
ENSP00000281043,MYCN,4613
ENSP00000281047,MSGN1,343930
ENSP00000281321,POU4F2,5458
ENSP00000281428,FLI1,2313
ENSP00000281437,BARX2,8538
ENSP00000282282,ZNF547,284306
ENSP00000282286,ZNF304,57343
ENSP00000282292,ZNF773,374928
ENSP00000282296,ZNF551,90233
ENSP00000282308,ZNF256,10172
ENSP00000282326,ZSCAN1,284312
ENSP00000282549,OTX1,5013
ENSP00000282728,HHEX,3087
ENSP00000282869,ZNF117,51351
ENSP00000282928,ZIC1,7545
ENSP00000283268,FEZF2,55079
ENSP00000283628,UBP1,7342
ENSP00000283629,UBP1,7342
ENSP00000283921,HOXA10,3206
ENSP00000284000,CEBPG,1054
ENSP00000284165,MAX,4149
ENSP00000284382,CERS3,204219
ENSP00000284898,L3MBTL4,91133
ENSP00000284957,RABGEF1,27342
ENSP00000285102,MBD1,4152
ENSP00000285407,KLF10,7071
ENSP00000286437,AFF2,2334
ENSP00000286639,BATF,10538
ENSP00000286800,BACH1,571
ENSP00000286800,BACH1,100379661
ENSP00000287461,ZNF689,115509
ENSP00000287538,ZIC3,7547
ENSP00000287701,HMBOX1,79618
ENSP00000287820,PPARG,5468
ENSP00000287957,GATAD1,57798
ENSP00000288177,ZNF19,7567
ENSP00000288319,ERG,2078
ENSP00000288466,ZNF618,114991
ENSP00000288599,NCOA1,8648
ENSP00000288840,SMAD6,4091
ENSP00000288955,GRHL3,57822
ENSP00000289703,ELK4,2005
ENSP00000289788,ZSCAN23,222696
ENSP00000289816,ZNF276,92822
ENSP00000290295,HOXB13,10481
ENSP00000290399,SIM2,6493
ENSP00000290524,RFX5,5993
ENSP00000290552,IRX6,79190
ENSP00000290759,ISL2,64843
ENSP00000291182,ZNF235,9310
ENSP00000291442,NR2F6,2063
ENSP00000291547,PKNOX1,5316
ENSP00000291582,AIRE,326
ENSP00000291598,ZNF583,147949
ENSP00000292069,ZNF667,63934
ENSP00000292176,ZBTB7B,51043
ENSP00000292450,ZSCAN21,7589
ENSP00000292530,ZNF333,84449
ENSP00000292535,CUX1,1523
ENSP00000292562,ZNF251,90987
ENSP00000292579,ZNF250,58500
ENSP00000292841,ZNF585A,199704
ENSP00000292928,ZNF382,84911
ENSP00000293328,STAT5B,6777
ENSP00000293471,ZNF613,79898
ENSP00000293648,ZNF562,54811
ENSP00000293709,ATF6B,1388
ENSP00000293725,ZNF563,147837
ENSP00000293771,ZNF653,115950
ENSP00000293805,BCL6B,255877
ENSP00000294339,TAL1,6886
ENSP00000294409,GMEB1,10691
ENSP00000294638,LHX8,431707
ENSP00000294702,GFI1,2672
ENSP00000294740,ZNF281,23528
ENSP00000294753,ZNF496,84838
ENSP00000294816,LMX1A,4009
ENSP00000294905,BAZ2B,29994
ENSP00000295025,REL,5966
ENSP00000295108,NEUROD1,4760
ENSP00000295133,FBXO41,150726
ENSP00000295206,EN1,2019
ENSP00000295208,ZNF514,84874
ENSP00000295600,MITF,4286
ENSP00000295727,FEV,54738
ENSP00000295743,EOMES,8320
ENSP00000295886,NKX6-1,4825
ENSP00000295934,HESX1,8820
ENSP00000296091,ZNF502,91392
ENSP00000296092,ZNF35,7584
ENSP00000296096,TCF23,150921
ENSP00000296233,KLF15,28999
ENSP00000296682,PRDM9,56979
ENSP00000296839,FOXQ1,94234
ENSP00000296921,TLX3,30012
ENSP00000296946,T,6862
ENSP00000297142,NEUROD6,63974
ENSP00000297375,EN2,2020
ENSP00000297537,GBX1,2636
ENSP00000297565,OSR2,116039
ENSP00000297689,NFIL3,4783
ENSP00000297857,ZHX1,11244
ENSP00000297977,HDX,139324
ENSP00000298231,PHOX2A,401
ENSP00000298282,PKNOX2,63876
ENSP00000298299,ZNF22,7570
ENSP00000298466,SOHLH1,402381
ENSP00000298532,SNAPC4,6621
ENSP00000299162,FOXN4,121643
ENSP00000299237,ZNF319,57567
ENSP00000299506,TUB,7275
ENSP00000299606,ZNF143,7702
ENSP00000299667,ZNF3,7551
ENSP00000299860,ZNF419,79744
ENSP00000299871,ZNF211,10520
ENSP00000299927,ZNF592,9640
ENSP00000300057,MESP1,55897
ENSP00000300101,ZBTB39,9880
ENSP00000300134,STAT6,6778
ENSP00000300305,RUNX1,861
ENSP00000300305,RUNX1,100506403
ENSP00000300619,ZNF91,7644
ENSP00000300659,NFATC3,4775
ENSP00000300849,ZNF668,79759
ENSP00000300850,ZNF646,9726
ENSP00000300862,HIF3A,64344
ENSP00000300870,ZNF267,10308
ENSP00000301042,ZNF641,121274
ENSP00000301073,ZNF524,147807
ENSP00000301093,ZNF701,55762
ENSP00000301096,ZNF83,55769
ENSP00000301215,ZNF526,116115
ENSP00000301310,ZNF582,147948
ENSP00000301318,ZFP28,140612
ENSP00000301399,ZNF577,84765
ENSP00000301459,RCOR2,283248
ENSP00000301475,ZNF558,148156
ENSP00000301480,ZNF560,147741
ENSP00000301547,ZNF443,10224
ENSP00000301727,E4F1,1877
ENSP00000301744,ZNF597,146434
ENSP00000301887,BATF2,116071
ENSP00000301948,MECP2,4204
ENSP00000302159,E2F6,1876
ENSP00000302189,NHLH1,4807
ENSP00000302216,ATOH1,474
ENSP00000302222,ZNF25,219749
ENSP00000302251,GBX2,2637
ENSP00000302310,ZNF396,252884
ENSP00000302455,ZNF17,7565
ENSP00000302456,KLF13,51621
ENSP00000302485,CSDC2,27254
ENSP00000302501,ZEB2,9839
ENSP00000302502,ZSCAN32,54925
ENSP00000302548,HOXD4,3233
ENSP00000302603,ZNF556,80032
ENSP00000302630,ONECUT1,3175
ENSP00000302669,PRDM10,56980
ENSP00000302756,FOXD4L1,200350
ENSP00000302770,ZNF296,162979
ENSP00000302812,SP7,121340
ENSP00000302814,OTP,23440
ENSP00000302836,HOXC9,3225
ENSP00000302919,SMARCC2,6601
ENSP00000303102,ZBTB46,140685
ENSP00000303315,JUNB,3726
ENSP00000303468,ZCCHC4,29063
ENSP00000303533,ZNF138,7697
ENSP00000303599,HSFY1,86614
ENSP00000303696,ZNF57,126295
ENSP00000303820,ZIK1,284307
ENSP00000303847,RFX3,5991
ENSP00000303889,ZNF30,90075
ENSP00000303915,ZNF561,93134
ENSP00000304004,FOXA3,3171
ENSP00000304169,PITX2,5308
ENSP00000304268,ZNF33A,7581
ENSP00000304286,FOXI1,2299
ENSP00000304308,ZNF217,7764
ENSP00000304331,GSX1,219409
ENSP00000304502,SIX2,10736
ENSP00000304595,HES4,57801
ENSP00000304676,ATOH8,84913
ENSP00000304769,ZNF467,168544
ENSP00000304985,ZFX,7543
ENSP00000305077,ZNF439,90594
ENSP00000305203,ZNF778,197320
ENSP00000305244,IRX1,79192
ENSP00000305373,ZNF440,126070
ENSP00000305422,CEBPB,1051
ENSP00000305426,TUB,7275
ENSP00000305483,ZNF692,55657
ENSP00000305560,RREB1,6239
ENSP00000305689,AFF1,4299
ENSP00000305769,SMAD1,4086
ENSP00000305785,DMRT2,10655
ENSP00000305804,ZNF131,7690
ENSP00000305815,RBPJ,3516
ENSP00000305973,HOXC4,3221
ENSP00000306102,ZNF420,147923
ENSP00000306245,FOS,2353
ENSP00000306335,RFX2,5990
ENSP00000306351,ZNF182,7569
ENSP00000306372,ZNF3,7551
ENSP00000306522,CAMTA1,23261
ENSP00000306523,INSM2,84684
ENSP00000306549,HSFY2,86614
ENSP00000306549,HSFY2,159119
ENSP00000306579,CERS6,253782
ENSP00000306754,NEUROD2,4761
ENSP00000306756,ZNF584,201514
ENSP00000306869,ZNF565,147929
ENSP00000306894,ETV5,2119
ENSP00000307006,IRX2,153572
ENSP00000307023,KLF11,8462
ENSP00000307041,BNC1,646
ENSP00000307208,BPTF,2186
ENSP00000307321,HOXC10,3226
ENSP00000307479,ARNT2,9915
ENSP00000307604,ZBTB5,9925
ENSP00000307774,ZNF239,8187
ENSP00000307858,ZBTB4,57659
ENSP00000308051,RUNX3,864
ENSP00000308252,HOXB3,3213
ENSP00000308578,ZNF431,170959
ENSP00000308741,CLOCK,9575
ENSP00000308759,ZBTB21,49854
ENSP00000309161,ZNF471,57573
ENSP00000309330,ZNF680,340252
ENSP00000309336,HOXC5,3222
ENSP00000309439,HOXB9,3219
ENSP00000309570,KLF7,8609
ENSP00000309606,ZNF408,79797
ENSP00000309653,GLIS1,148979
ENSP00000309753,RORA,6095
ENSP00000309812,ZNF80,7634
ENSP00000309823,FOXP4,116113
ENSP00000309913,TBX5,6910
ENSP00000310006,NR1D2,9975
ENSP00000310033,ZNF596,169270
ENSP00000310127,IRF3,3661
ENSP00000310170,FOSL1,8061
ENSP00000310301,SP3,6670
ENSP00000310359,ZNF407,55628
ENSP00000310448,SART1,9092
ENSP00000310472,ZNF624,57547
ENSP00000310701,TEAD2,8463
ENSP00000310928,PPARD,5467
ENSP00000311010,ELF5,2001
ENSP00000311166,HSFY1,86614
ENSP00000311183,ZNF497,162968
ENSP00000311280,ELF4,2000
ENSP00000311290,PROP1,5626
ENSP00000311319,ZNF417,147687
ENSP00000311492,ISX,91464
ENSP00000311508,RELA,5970
ENSP00000311521,ZNF490,57474
ENSP00000311596,ZNF699,374879
ENSP00000311679,ZNF483,158399
ENSP00000311778,ZMIZ2,83637
ENSP00000311816,REST,5978
ENSP00000311847,CARHSP1,23589
ENSP00000312222,ZHX3,23051
ENSP00000312247,ARNTL2,56938
ENSP00000312277,ZNF507,22847
ENSP00000312352,PRDM2,7799
ENSP00000312385,EVX2,344191
ENSP00000312436,NFE2,4778
ENSP00000312472,PPARG,5468
ENSP00000312631,INSM1,3642
ENSP00000312694,GLI2,2736
ENSP00000312834,MLXIP,22877
ENSP00000312987,HNF4A,3172
ENSP00000313158,ZNF366,167465
ENSP00000313243,HSF5,124535
ENSP00000313258,ZNF541,84215
ENSP00000313362,MAZ,4150
ENSP00000313416,ZBTB48,3104
ENSP00000313443,ZNF491,126069
ENSP00000313516,ZNF786,136051
ENSP00000313529,IRF9,10379
ENSP00000313582,ZNF436,80818
ENSP00000313822,ZNF821,55565
ENSP00000314080,HIC1,3090
ENSP00000314129,TFE3,7030
ENSP00000314153,ZBTB33,10009
ENSP00000314480,UNCX,340260
ENSP00000314709,ZHX2,22882
ENSP00000314750,PAX8,7849
ENSP00000314774,HES7,84667
ENSP00000314806,FOXR1,283150
ENSP00000315173,ZNF41,7592
ENSP00000315180,HNF4A,3172
ENSP00000315198,HOPX,84525
ENSP00000315417,ALX1,8092
ENSP00000315442,NR1H4,9971
ENSP00000315454,BPTF,2186
ENSP00000315505,HKR1,284459
ENSP00000315664,ZNF18,7566
ENSP00000315768,STAT2,6773
ENSP00000315870,ZNF575,284346
ENSP00000315949,HOXD8,3234
ENSP00000316250,IRX5,10265
ENSP00000316516,TFAP2A,7020
ENSP00000316553,NFATC1,4772
ENSP00000316842,SIX5,147912
ENSP00000317125,ZNF726,730087
ENSP00000317163,PIAS2,9063
ENSP00000317333,NEUROG2,63973
ENSP00000317421,AFF3,3899
ENSP00000317510,TP63,8626
ENSP00000317534,ZBTB34,403341
ENSP00000317561,ZBTB8A,653121
ENSP00000317580,NEUROG1,4762
ENSP00000317614,ZNF518B,85460
ENSP00000317686,ZFP42,132625
ENSP00000317695,NFX1,4799
ENSP00000318057,EGR3,1960
ENSP00000318085,HINFP,25988
ENSP00000318373,ZNF513,130557
ENSP00000318502,TGIF2LY,90655
ENSP00000318543,L3MBTL4,91133
ENSP00000318676,TFEC,22797
ENSP00000318719,ZNF596,169270
ENSP00000318799,BHLHE22,27319
ENSP00000318898,ZNF114,163071
ENSP00000318902,FOXP1,27086
ENSP00000319053,ZNF77,58492
ENSP00000319118,GSX2,170825
ENSP00000319248,ZEB1,6935
ENSP00000319305,ZNF572,137209
ENSP00000319414,TULP1,7287
ENSP00000319479,ZNF404,342908
ENSP00000319610,NPAS3,64067
ENSP00000319651,DMRTA1,63951
ENSP00000319716,ZNF101,94039
ENSP00000319829,ZNF687,57592
ENSP00000320050,ZNF580,51157
ENSP00000320089,NKX2-6,137814
ENSP00000320096,ZNF784,147808
ENSP00000320188,ZNF579,163033
ENSP00000320309,FARSA,2193
ENSP00000320347,ZFP3,124961
ENSP00000320447,NR2C2,7182
ENSP00000320794,USF3,205717
ENSP00000320886,MLXIPL,51085
ENSP00000320913,MLX,6945
ENSP00000320940,NCOA1,8648
ENSP00000320949,CNOT1,23019
ENSP00000321049,ZNF227,7770
ENSP00000321132,ZNF554,115196
ENSP00000321187,ZNF274,10782
ENSP00000321209,ZNF274,10782
ENSP00000321370,ZBED2,79413
ENSP00000321406,ZNF135,7694
ENSP00000321445,MSC,9242
ENSP00000321636,TOP3A,7156
ENSP00000321650,ZNF384,171017
ENSP00000321684,MEOX1,4222
ENSP00000321812,ZNF776,284309
ENSP00000321813,CAMTA2,23125
ENSP00000321835,ETV4,2118
ENSP00000321848,ZNF671,79891
ENSP00000321963,ZSCAN4,201516
ENSP00000322087,NHLH2,4808
ENSP00000322265,ZNF620,253639
ENSP00000322361,ZNF236,7776
ENSP00000322408,KDM5D,8284
ENSP00000322427,ZNF611,81856
ENSP00000322529,ZNF619,285267
ENSP00000322545,ZNF543,125919
ENSP00000322777,ZNF207,7756
ENSP00000322872,ZKSCAN5,23660
ENSP00000322899,ZNF843,283933
ENSP00000323148,ZKSCAN1,7586
ENSP00000323183,ZBTB2,57621
ENSP00000323246,E2F7,144455
ENSP00000323293,ZNF410,57862
ENSP00000323326,HIF1A,3091
ENSP00000323348,ZNF645,158506
ENSP00000323455,TPRX1,284355
ENSP00000323584,TSHZ1,10194
ENSP00000323670,ZBTB7A,51341
ENSP00000323816,AHRR,57491
ENSP00000323880,FOXJ1,2302
ENSP00000323945,ZNF771,51333
ENSP00000324056,ZNF48,197407
ENSP00000324064,ZNF354C,30832
ENSP00000324246,MITF,4286
ENSP00000324441,ZNF610,162963
ENSP00000324443,MITF,4286
ENSP00000324518,ZNF479,90827
ENSP00000324578,ETS1,2113
ENSP00000324598,ZNF540,163255
ENSP00000324605,ZNF660,285349
ENSP00000324693,GRHL1,29841
ENSP00000324884,HOXA3,3200
ENSP00000325018,ZNF569,148266
ENSP00000325038,ZNF836,162962
ENSP00000325120,PGR,5241
ENSP00000325123,ZSCAN2,54993
ENSP00000325326,ZNF335,63925
ENSP00000325393,ZNF559,84527
ENSP00000325485,CERS5,91012
ENSP00000325494,GLIS3,169792
ENSP00000325546,PLAG1,5324
ENSP00000325634,ZNF639,51193
ENSP00000325819,NR2F1,7025
ENSP00000326200,ZBTB11,27107
ENSP00000326240,MYNN,55892
ENSP00000326249,ZNF454,285676
ENSP00000326272,FOXL1,2300
ENSP00000326296,MEIS2,4212
ENSP00000326328,MYB,4602
ENSP00000326371,FOXC2,2303
ENSP00000326391,BHLHA15,168620
ENSP00000326477,SETDB2,83852
ENSP00000326581,PEG3,5178
ENSP00000326630,ZFPM1,161882
ENSP00000326967,ZNF121,7675
ENSP00000327025,RORC,6097
ENSP00000327048,MAF,4094
ENSP00000327143,ZNF354B,117608
ENSP00000327314,ZNF283,284349
ENSP00000327316,ETV3,2117
ENSP00000327427,ZFP41,286128
ENSP00000327465,MYT1,4661
ENSP00000327538,ZNF534,147658
ENSP00000327597,ZNF610,162963
ENSP00000327758,NKX2-5,1482
ENSP00000327850,NFATC1,4772
ENSP00000327867,MITF,4286
ENSP00000327959,TGIF1,7050
ENSP00000327968,SNAI3,333929
ENSP00000328245,ZNF71,58491
ENSP00000328364,MAFA,389692
ENSP00000328515,ZNF696,79943
ENSP00000328596,SIX6,4990
ENSP00000328598,HOXD1,3231
ENSP00000328720,FOXK1,221937
ENSP00000328722,ZNF616,90317
ENSP00000328843,NR2C1,7181
ENSP00000328928,HOXB4,3214
ENSP00000329140,CREB3L2,64764
ENSP00000329141,ZNF37A,7587
ENSP00000329170,POU3F2,5454
ENSP00000329264,ZNF662,389114
ENSP00000329357,SP1,6667
ENSP00000329411,IRF7,3665
ENSP00000329738,ZSCAN30,100101467
ENSP00000329793,ZNF85,7639
ENSP00000330190,POU6F1,5463
ENSP00000330838,ZNF775,285971
ENSP00000331040,OLIG2,10215
ENSP00000331057,TCF12,6938
ENSP00000331152,MXI1,4601
ENSP00000331176,TBX1,6899
ENSP00000331324,NFATC3,4775
ENSP00000331327,WT1,7490
ENSP00000331462,ZNF704,619279
ENSP00000331465,ZNF84,7637
ENSP00000331470,DBX2,440097
ENSP00000331540,ZNF570,148268
ENSP00000331577,ZNF397,84307
ENSP00000331608,IRX3,79191
ENSP00000331614,IKZF1,10320
ENSP00000331626,ZKSCAN2,342357
ENSP00000331741,HOXB2,3212
ENSP00000331791,TBX1,6899
ENSP00000331803,IRF7,3665
ENSP00000331927,ZNF789,285989
ENSP00000332123,RP5-1187M17.10,9762
ENSP00000332148,DZIP1L,199221
ENSP00000332208,RFX6,222546
ENSP00000332293,ASCL2,430
ENSP00000332296,RARB,5915
ENSP00000332433,ZSCAN22,342945
ENSP00000332595,ZNF92,168374
ENSP00000332744,ALX4,60529
ENSP00000332750,ZKSCAN8,7745
ENSP00000332861,ZNF530,348327
ENSP00000332973,SMAD3,4088
ENSP00000333097,FIGLA,344018
ENSP00000333113,NFXL1,152518
ENSP00000333114,TSHZ2,128553
ENSP00000333122,NR4A3,8013
ENSP00000333188,FOXL2,668
ENSP00000333192,ZFP1,162239
ENSP00000333199,ZNF816,125893
ENSP00000333223,ZNF470,388566
ENSP00000333275,NR2C1,7181
ENSP00000333552,MEIS3,56917
ENSP00000333571,ZNF438,220929
ENSP00000333633,MTA1,9112
ENSP00000333660,ZNF571,51276
ENSP00000333725,ZNF26,7574
ENSP00000333776,ZNF479,90827
ENSP00000333802,ZNF599,148103
ENSP00000333980,ZNF749,388567
ENSP00000334146,ZNF347,84671
ENSP00000334164,ZNF480,147657
ENSP00000334170,ZNF410,57862
ENSP00000334294,TCFL5,10732
ENSP00000334351,BPTF,2186
ENSP00000334394,ZNF677,342926
ENSP00000334458,GATA4,2626
ENSP00000334472,FOXE3,2301
ENSP00000334474,ZMIZ1,57178
ENSP00000334547,TAL2,6887
ENSP00000334685,ZNF568,374900
ENSP00000334695,ZNF529,57711
ENSP00000334754,TEAD1,7003
ENSP00000334762,ZNF726,730087
ENSP00000334800,ZSCAN25,221785
ENSP00000334813,RAX,30062
ENSP00000334853,ZNF555,148254
ENSP00000335042,ZNF486,90649
ENSP00000335044,ARID2,196528
ENSP00000335087,RORA,6095
ENSP00000335191,TBX10,347853
ENSP00000335437,ZNF20,7568
ENSP00000335493,FOXD2,2306
ENSP00000335505,SHOX,6473
ENSP00000335551,ESR2,2100
ENSP00000335574,RREB1,6239
ENSP00000335578,ARGFX,503582
ENSP00000335670,ZNF480,147657
ENSP00000335677,FOXK2,3607
ENSP00000336528,NR1I2,8856
ENSP00000336565,ZNF446,55663
ENSP00000336620,ZNF687,57592
ENSP00000336719,ZNF226,7769
ENSP00000336790,ATF4,468
ENSP00000337008,ZNF644,84146
ENSP00000337063,PPARD,5467
ENSP00000337081,ZNF112,7771
ENSP00000337122,ZNF354A,6940
ENSP00000337138,CREM,1390
ENSP00000337202,MEF2A,4205
ENSP00000337320,ZNF664,144348
ENSP00000337330,HOPX,84525
ENSP00000337363,ZNF394,84124
ENSP00000337368,ZNF224,7767
ENSP00000337473,ZNF324B,388569
ENSP00000337520,PATZ1,23598
ENSP00000337555,ZNF548,147694
ENSP00000337694,ZXDC,79364
ENSP00000337723,TBX5,6910
ENSP00000337724,ZNF202,7753
ENSP00000337852,ZNF576,79177
ENSP00000337862,OVOL1,5017
ENSP00000337889,MXD4,10608
ENSP00000338018,HIF1A,3091
ENSP00000338157,ZBTB16,7704
ENSP00000338166,RP5-1187M17.10,9762
ENSP00000338217,ZNF532,55205
ENSP00000338272,HEY1,23462
ENSP00000338283,NPAS2,4862
ENSP00000338290,GZF1,64412
ENSP00000338572,ZNF212,7988
ENSP00000338608,ELF4,2000
ENSP00000338629,RERE,473
ENSP00000338670,ZNF671,79891
ENSP00000338767,PAX3,5077
ENSP00000338770,ZNF420,147923
ENSP00000338774,BCL11A,53335
ENSP00000338806,NFAT5,10725
ENSP00000338807,ZBTB49,166793
ENSP00000338860,ZNF444,55311
ENSP00000339004,FOXG1,2290
ENSP00000339030,ZFP91,80829
ENSP00000339314,ZNF70,7621
ENSP00000339438,TRERF1,55809
ENSP00000339527,FOXO3,2309
ENSP00000339546,MBD1,4152
ENSP00000339549,MEIS2,4212
ENSP00000339562,ZNF211,10520
ENSP00000339585,ZNF449,203523
ENSP00000339627,FLI1,2313
ENSP00000339631,TGIF1,7050
ENSP00000339670,BAZ2B,29994
ENSP00000339699,RBPJ,3516
ENSP00000339764,PRDM8,56978
ENSP00000339767,ZNF433,163059
ENSP00000339823,ZNF546,339327
ENSP00000339906,PAX4,5078
ENSP00000339992,MYB,4602
ENSP00000340004,ZNF564,163050
ENSP00000340029,ZNF207,7756
ENSP00000340124,RBPJ,3516
ENSP00000340132,ZNF383,163087
ENSP00000340137,LHX6,26468
ENSP00000340171,ZNF573,126231
ENSP00000340226,LMX1A,4009
ENSP00000340301,NR4A3,8013
ENSP00000340514,ZNF14,7561
ENSP00000340524,ZNF721,170960
ENSP00000340576,ATF2,1386
ENSP00000340633,USF2,7392
ENSP00000340671,DDIT3,1649
ENSP00000340683,ZNF823,55552
ENSP00000340690,RUNX1,861
ENSP00000340690,RUNX1,100506403
ENSP00000340711,ZNF169,169841
ENSP00000340740,TP73,7161
ENSP00000340749,ZNF124,7678
ENSP00000340799,SP6,80320
ENSP00000340841,ZNF621,285268
ENSP00000340874,MEF2C,4208
ENSP00000340971,HSFY2,86614
ENSP00000340971,HSFY2,159119
ENSP00000341024,SATB1,6304
ENSP00000341108,HMX2,3167
ENSP00000341135,NR6A1,2649
ENSP00000341151,ZNF81,347344
ENSP00000341165,ZNF772,400720
ENSP00000341208,STAT5A,6776
ENSP00000341236,ZNF695,57116
ENSP00000341243,RBPJL,11317
ENSP00000341280,JARID2,3720
ENSP00000341390,NR3C2,4306
ENSP00000341400,MEIS2,4212
ENSP00000341455,PBX1,5087
ENSP00000341497,ZNF177,7730
ENSP00000341507,ZNF780A,284323
ENSP00000341528,ZNF34,80778
ENSP00000341551,SMAD4,4089
ENSP00000341619,GATA3,2625
ENSP00000341621,PRDM2,7799
ENSP00000341843,ETV7,51513
ENSP00000341875,CREM,1390
ENSP00000341883,ZKSCAN3,80317
ENSP00000341961,FOXD4L3,286380
ENSP00000341977,IKZF3,22806
ENSP00000341990,PBX3,5090
ENSP00000342002,ZNF93,81931
ENSP00000342019,ZNF189,7743
ENSP00000342092,PAX3,5077
ENSP00000342096,SP140,11262
ENSP00000342136,CREB3,10488
ENSP00000342209,FOXO4,4303
ENSP00000342252,TFAP2B,7021
ENSP00000342260,ETV7,51513
ENSP00000342302,HSFY1,86614
ENSP00000342307,FOXM1,2305
ENSP00000342340,ZNF85,7639
ENSP00000342392,MESP2,145873
ENSP00000342408,CSDE1,7812
ENSP00000342459,TCF12,6938
ENSP00000342482,MAX,4149
ENSP00000342630,ESR1,2099
ENSP00000342750,IKZF1,10320
ENSP00000342818,ZNF669,79862
ENSP00000342828,NKX2-3,159296
ENSP00000342847,ZNF292,23036
ENSP00000342876,IKZF2,22807
ENSP00000342905,ADNP,23394
ENSP00000342931,POU1F1,5449
ENSP00000342974,ZNF791,163049
ENSP00000343023,SP100,6672
ENSP00000343052,PAX3,5077
ENSP00000343155,XBP1,7494
ENSP00000343205,NR3C1,2908
ENSP00000343246,HOXA1,3198
ENSP00000343288,FOXN3,1112
ENSP00000343384,ZFX,7543
ENSP00000343443,ZNF107,51427
ENSP00000343464,HELT,391723
ENSP00000343477,RUNX3,864
ENSP00000343581,ZFP30,22835
ENSP00000343617,ZNF606,80095
ENSP00000343619,HOXA9,3205
ENSP00000343633,FOXN2,3344
ENSP00000343698,RARG,5916
ENSP00000343728,DNAJC21,134218
ENSP00000343768,ZNF540,163255
ENSP00000343819,OTX2,5015
ENSP00000343907,NR3C2,4306
ENSP00000343925,ESR2,2100
ENSP00000343948,TFEB,7942
ENSP00000343969,TGIF1,7050
ENSP00000344095,ZNF683,257101
ENSP00000344097,ZNF76,7629
ENSP00000344129,ZNF648,127665
ENSP00000344162,ZNF136,7695
ENSP00000344285,BSX,390259
ENSP00000344297,PAX4,5078
ENSP00000344308,ZNF341,84905
ENSP00000344352,ATF3,467
ENSP00000344365,CREM,1390
ENSP00000344375,TCF3,6929
ENSP00000344401,LIN28B,389421
ENSP00000344471,IKZF3,22806
ENSP00000344473,GLI2,2736
ENSP00000344479,NR4A2,4929
ENSP00000344483,ZNF195,7748
ENSP00000344615,ZFP64,55734
ENSP00000344727,GLI4,2738
ENSP00000344745,ZNF12,7559
ENSP00000344782,GFI1B,8328
ENSP00000344791,ZNF600,162966
ENSP00000344828,ZNF678,339500
ENSP00000344903,MAFK,7975
ENSP00000345024,GLI4,2738
ENSP00000345140,ZNF746,155061
ENSP00000345147,NKX2-4,644524
ENSP00000345206,RBPJ,3516
ENSP00000345339,ZSCAN31,64288
ENSP00000345384,CREM,1390
ENSP00000345393,MAFF,23764
ENSP00000345420,ASCL4,121549
ENSP00000345459,AFF2,2334
ENSP00000345479,ZNF587,84914
ENSP00000345571,E2F1,1869
ENSP00000345585,ELK1,2002
ENSP00000345616,ESR2,2100
ENSP00000345622,IKZF3,22806
ENSP00000345642,BACH2,60468
ENSP00000345681,GATA2,2624
ENSP00000345702,NFYA,4800
ENSP00000345772,TEAD3,7005
ENSP00000345809,ZNF197,10168
ENSP00000346090,ZNF133,7692
ENSP00000346136,ZNF419,79744
ENSP00000346175,SETDB2,83852
ENSP00000346285,TRERF1,55809
ENSP00000346305,ZNF112,7771
ENSP00000346339,HNF4G,3174
ENSP00000346348,ZNF774,342132
ENSP00000346372,ARNT,405
ENSP00000346389,MEF2A,4205
ENSP00000346420,NFAT5,10725
ENSP00000346423,TP73,7161
ENSP00000346440,TCF4,6925
ENSP00000346464,VPS72,6944
ENSP00000346582,TWIST1,7291
ENSP00000346603,ZBTB45,84878
ENSP00000346613,ZNF195,7748
ENSP00000346614,TP63,8626
ENSP00000346629,MLXIPL,51085
ENSP00000346729,ZNF589,51385
ENSP00000346761,HEY1,23462
ENSP00000346804,CREM,1390
ENSP00000346810,PLAGL1,5325
ENSP00000346879,NKX2-1,7080
ENSP00000346886,GABPA,2551
ENSP00000347004,PITX2,5308
ENSP00000347043,ZNF649,65251
ENSP00000347045,ZNF43,7594
ENSP00000347192,PITX2,5308
ENSP00000347210,ZNF736,728927
ENSP00000347234,ZNF565,147929
ENSP00000347338,ZNF607,84775
ENSP00000347354,FOXN4,121643
ENSP00000347385,PAX2,5076
ENSP00000347648,ZNF512,84450
ENSP00000347659,RBPJ,3516
ENSP00000347684,LMX1B,4010
ENSP00000347691,ZNF493,284443
ENSP00000347730,ZNF536,9745
ENSP00000347755,ZNF140,7699
ENSP00000347868,ZNF253,56242
ENSP00000347896,MBD6,114785
ENSP00000347910,ZNF44,51710
ENSP00000348018,ZNF384,171017
ENSP00000348069,SREBF1,6720
ENSP00000348162,ZNF507,22847
ENSP00000348298,LCOR,84458
ENSP00000348333,GRHL3,57822
ENSP00000348374,TCF4,6925
ENSP00000348460,NPAS3,64067
ENSP00000348501,ZNF527,84503
ENSP00000348551,NCOR2,9612
ENSP00000348597,LHX8,431707
ENSP00000348673,ZNF770,54989
ENSP00000348827,THRB,7068
ENSP00000348992,ZNF772,400720
ENSP00000349098,ZNF74,7625
ENSP00000349150,MYNN,55892
ENSP00000349161,ZNF790,388536
ENSP00000349164,RORC,6097
ENSP00000349282,SMAD2,4087
ENSP00000349300,BCL11A,53335
ENSP00000349387,CREM,1390
ENSP00000349401,ZNF708,7562
ENSP00000349440,ZNF585A,199704
ENSP00000349494,ZNF254,9534
ENSP00000349503,ZBTB14,7541
ENSP00000349723,BCL11B,64919
ENSP00000349770,IRF5,3663
ENSP00000349796,ZNF23,7571
ENSP00000349803,ZBTB20,26137
ENSP00000349861,ZNF573,126231
ENSP00000349882,ZNF248,57209
ENSP00000349928,IKZF1,10320
ENSP00000350049,HOMEZ,57594
ENSP00000350072,NFE2L1,4779
ENSP00000350083,ZNF451,26036
ENSP00000350085,ZNF43,7594
ENSP00000350101,ZNF74,7625
ENSP00000350113,ZNF92,168374
ENSP00000350295,ZNF816,125893
ENSP00000350359,CREB5,9586
ENSP00000350366,TP73,7161
ENSP00000350369,MAFG,4097
ENSP00000350418,ZNF98,148198
ENSP00000350446,NPAS3,64067
ENSP00000350549,HMX3,340784
ENSP00000350552,RFX4,5992
ENSP00000350574,ZBTB44,29068
ENSP00000350576,ZNF441,126068
ENSP00000350586,ZFAND5,7763
ENSP00000350651,ERI2,112479
ENSP00000350681,ELK4,2005
ENSP00000350773,ZNF329,79673
ENSP00000350815,NR3C2,4306
ENSP00000350844,PAX5,5079
ENSP00000350865,DMRT2,10655
ENSP00000351042,ZNF100,163227
ENSP00000351123,RUNX1,861
ENSP00000351123,RUNX1,100506403
ENSP00000351175,MAX,4149
ENSP00000351184,TEAD4,7004
ENSP00000351255,STAT4,6775
ENSP00000351257,ZSCAN2,54993
ENSP00000351280,ZNF429,353088
ENSP00000351292,APOL2,23780
ENSP00000351307,BCL11A,53335
ENSP00000351324,ZNF682,91120
ENSP00000351329,CSDE1,7812
ENSP00000351391,ZNF781,163115
ENSP00000351407,ARNT,405
ENSP00000351412,ESR2,2100
ENSP00000351458,ELF2,1998
ENSP00000351482,ZNF707,286075
ENSP00000351482,ZNF707,101928160
ENSP00000351488,SP110,3431
ENSP00000351490,MAX,4149
ENSP00000351530,ZXDA,7789
ENSP00000351535,ZNF23,7571
ENSP00000351539,ZBTB18,10472
ENSP00000351552,GATAD2A,54815
ENSP00000351555,BAZ1A,11177
ENSP00000351574,RFX3,5991
ENSP00000351575,BDP1,55814
ENSP00000351587,ZBTB1,22890
ENSP00000351594,ZNF571,51276
ENSP00000351686,PRDM10,56980
ENSP00000351742,TFEB,7942
ENSP00000351883,ZSCAN5B,342933
ENSP00000351939,ZNF574,64763
ENSP00000352026,CHURC1,91612
ENSP00000352076,RFX2,5990
ENSP00000352077,ESRRG,2104
ENSP00000352123,IKZF1,10320
ENSP00000352233,ZNF705A,440077
ENSP00000352233,ZNF705A,100131539
ENSP00000352444,ZNF33B,7582
ENSP00000352483,TBX1,6899
ENSP00000352514,RUNX2,860
ENSP00000352565,HAND2,9464
ENSP00000352610,TP53,7157
ENSP00000352648,BCL11A,53335
ENSP00000352673,ELF3,1999
ENSP00000352770,ZNF138,7697
ENSP00000352836,ZNF675,171392
ENSP00000352846,ZNF808,388558
ENSP00000352900,RXRG,6258
ENSP00000352901,FOXM1,2305
ENSP00000352926,TEAD4,7004
ENSP00000353058,ZNF517,340385
ENSP00000353108,ESRRG,2104
ENSP00000353132,DMBX1,127343
ENSP00000353151,HOXA4,3201
ENSP00000353269,MYT1,4661
ENSP00000353314,ZNF605,100289635
ENSP00000353344,ETS2,2114
ENSP00000353401,CUX1,1523
ENSP00000353410,ZNF600,162966
ENSP00000353427,NR4A1,3164
ENSP00000353458,BAZ1A,11177
ENSP00000353463,GATAD2A,54815
ENSP00000353491,ZNF460,10794
ENSP00000353496,RP5-1187M17.10,9762
ENSP00000353515,ZNF461,92283
ENSP00000353554,ZNF317,57693
ENSP00000353652,ZNF528,84436
ENSP00000353734,PLAGL1,5325
ENSP00000353803,MEF2D,4209
ENSP00000353863,ZNF148,7707
ENSP00000353916,PPARD,5467
ENSP00000353922,ZNF711,7552
ENSP00000353957,ZNF567,163081
ENSP00000354118,PRDM10,56980
ENSP00000354194,ETS2,2114
ENSP00000354206,ZNF219,51222
ENSP00000354267,AEBP2,121536
ENSP00000354305,ZSCAN12,9753
ENSP00000354377,ZNF37A,7587
ENSP00000354394,STAT1,6772
ENSP00000354414,ZNF627,199692
ENSP00000354449,FOXJ3,22887
ENSP00000354453,ZFP2,80108
ENSP00000354476,SREBF2,6721
ENSP00000354478,DLX1,1745
ENSP00000354482,SP8,221833
ENSP00000354487,ZEB1,6935
ENSP00000354492,FOXM1,2305
ENSP00000354501,ZNF277,11179
ENSP00000354526,L3MBTL3,84456
ENSP00000354528,RBPJ,3516
ENSP00000354547,ZFP69B,65243
ENSP00000354584,ESRRG,2104
ENSP00000354586,GLI2,2736
ENSP00000354588,TEAD1,7003
ENSP00000354592,ZNF384,171017
ENSP00000354593,CREM,1390
ENSP00000354606,MXI1,4601
ENSP00000354620,FOXJ3,22887
ENSP00000354663,ZNF438,220929
ENSP00000354683,ZNF630,57232
ENSP00000354686,ZNF652,22834
ENSP00000354694,ZNF485,220992
ENSP00000354794,ZNF521,25925
ENSP00000354828,CAMTA2,23125
ENSP00000354855,NFE2L1,4779
ENSP00000354865,DLX1,1745
ENSP00000354943,GRHL3,57822
ENSP00000355001,POU3F3,5455
ENSP00000355018,DZIP1,22873
ENSP00000355043,ZNF277,11179
ENSP00000355053,ZSCAN20,7579
ENSP00000355069,PAX2,5076
ENSP00000355119,TGIF2LX,90316
ENSP00000355140,HOXB1,3211
ENSP00000355175,DZIP1,22873
ENSP00000355179,ZFP64,55734
ENSP00000355186,GMEB1,10691
ENSP00000355190,NFE2L1,4779
ENSP00000355225,ESRRG,2104
ENSP00000355245,PAX9,5083
ENSP00000355249,E2F2,1870
ENSP00000355427,ZNF692,55657
ENSP00000355459,ZNF670,93474
ENSP00000355775,MIXL1,83881
ENSP00000355836,T,6862
ENSP00000355841,T,6862
ENSP00000355870,HLX,3142
ENSP00000355904,ESRRG,2104
ENSP00000355905,ESRRG,2104
ENSP00000355907,ESRRG,2104
ENSP00000355925,PROX1,5629
ENSP00000355952,ATF3,467
ENSP00000355954,ATF3,467
ENSP00000355972,RCOR3,55758
ENSP00000355973,RCOR3,55758
ENSP00000355988,IRF6,3664
ENSP00000356061,TULP4,56995
ENSP00000356064,TULP4,56995
ENSP00000356233,KDM5B,10765
ENSP00000356234,KDM5B,10765
ENSP00000356252,ELF3,1999
ENSP00000356253,ELF3,1999
ENSP00000356321,ZNF281,23528
ENSP00000356322,ZNF281,23528
ENSP00000356331,NR5A2,2494
ENSP00000356357,LHX9,56956
ENSP00000356360,LHX9,56956
ENSP00000356361,LHX9,56956
ENSP00000356375,ZBTB41,360023
ENSP00000356543,PLAGL1,5325
ENSP00000356544,PLAGL1,5325
ENSP00000356575,HIVEP2,3097
ENSP00000356576,HIVEP2,3097
ENSP00000356674,ZBTB37,84614
ENSP00000356708,OLIG3,167826
ENSP00000356734,PRRX1,5396
ENSP00000356786,MYB,4602
ENSP00000356788,MYB,4602
ENSP00000356795,TBX19,9095
ENSP00000356836,POU2F1,5451
ENSP00000356840,POU2F1,5451
ENSP00000356857,TCF21,6943
ENSP00000356868,LMX1A,4009
ENSP00000356872,PBX1,5087
ENSP00000356919,ATF6,22926
ENSP00000356958,NR1I3,9970
ENSP00000356959,NR1I3,9970
ENSP00000356960,NR1I3,9970
ENSP00000356961,NR1I3,9970
ENSP00000356962,NR1I3,9970
ENSP00000356963,NR1I3,9970
ENSP00000356965,NR1I3,9970
ENSP00000356998,USF1,7391
ENSP00000356999,USF1,7391
ENSP00000357000,USF1,7391
ENSP00000357118,L3MBTL3,84456
ENSP00000357121,L3MBTL3,84456
ENSP00000357175,ETV3,2117
ENSP00000357223,MEF2D,4209
ENSP00000357348,HEY2,23493
ENSP00000357349,HEY2,23493
ENSP00000357411,ZBTB7B,51043
ENSP00000357440,HSF2,3298
ENSP00000357556,VENTX,27287
ENSP00000357581,NKX6-2,84504
ENSP00000357589,CREB3L4,148327
ENSP00000357592,CREB3L4,148327
ENSP00000357596,CREB3L4,148327
ENSP00000357644,GATAD2B,57459
ENSP00000357864,RFX5,5993
ENSP00000357881,IKZF5,64376
ENSP00000357887,VPS72,6944
ENSP00000357945,CERS2,29956
ENSP00000357950,CERS2,29956
ENSP00000357965,SETDB1,9869
ENSP00000357979,NR2E1,7101
ENSP00000357982,NR2E1,7101
ENSP00000358085,PRDM1,639
ENSP00000358092,PRDM1,639
ENSP00000358207,VAX1,11023
ENSP00000358210,SIM1,6492
ENSP00000358216,PRDM13,59336
ENSP00000358217,PRDM13,59336
ENSP00000358304,PIAS3,10401
ENSP00000358437,TBX15,6913
ENSP00000358519,NHLH2,4808
ENSP00000358543,CSDE1,7812
ENSP00000358590,ZNF292,23036
ENSP00000358625,MXI1,4601
ENSP00000358677,TBX18,9096
ENSP00000358807,ALX3,257
ENSP00000358904,ZNF512B,57473
ENSP00000358973,MECP2,4204
ENSP00000358983,NFKB2,4791
ENSP00000359019,PITX3,5309
ENSP00000359086,GMEB2,26205
ENSP00000359094,GMEB2,26205
ENSP00000359212,LBX1,10660
ENSP00000359215,TLX1,3195
ENSP00000359240,LZTS2,84445
ENSP00000359243,LZTS2,84445
ENSP00000359269,ZNF275,10838
ENSP00000359271,ZNF275,10838
ENSP00000359319,PAX2,5076
ENSP00000359357,GFI1,2672
ENSP00000359371,BHLHE23,128408
ENSP00000359444,HSFX1,100506164
ENSP00000359469,ZNF644,84146
ENSP00000359474,BARHL2,343472
ENSP00000359486,AFF2,2334
ENSP00000359487,AFF2,2334
ENSP00000359489,AFF2,2334
ENSP00000359638,ZIC3,7547
ENSP00000359740,ZNF451,26036
ENSP00000359800,ZNF75D,7626
ENSP00000359802,ZNF75D,7626
ENSP00000360069,ZNF831,128611
ENSP00000360138,LCOR,84458
ENSP00000360144,LCOR,84458
ENSP00000360157,FOXD3,27022
ENSP00000360239,CTCFL,140690
ENSP00000360266,JUN,3725
ENSP00000360441,RHOXF2,84528
ENSP00000360455,RHOXF2B,727940
ENSP00000360486,RUNX2,860
ENSP00000360493,RUNX2,860
ENSP00000360500,DMRTB1,63948
ENSP00000360526,ZNF217,7764
ENSP00000360532,CDC5L,988
ENSP00000360552,TSHZ2,128553
ENSP00000360570,ZFP64,55734
ENSP00000360573,ZFP64,55734
ENSP00000360578,ZFP64,55734
ENSP00000360594,SALL4,57167
ENSP00000360619,NFATC2,4773
ENSP00000360662,ADNP,23394
ENSP00000360711,EDF1,8721
ENSP00000360712,EDF1,8721
ENSP00000360811,LHX3,8022
ENSP00000360813,LHX3,8022
ENSP00000360951,TAL1,6886
ENSP00000361024,DMBX1,127343
ENSP00000361065,NCOA3,8202
ENSP00000361066,NCOA3,8202
ENSP00000361073,NCOA3,8202
ENSP00000361195,GFI1B,8328
ENSP00000361196,GFI1B,8328
ENSP00000361373,KLF17,128209
ENSP00000361547,PRRX2,51450
ENSP00000361580,ZNF691,51058
ENSP00000361581,ZNF691,51058
ENSP00000361582,ZNF691,51058
ENSP00000361584,ZNF691,51058
ENSP00000361585,ZNF691,51058
ENSP00000361586,ZNF691,51058
ENSP00000361626,YBX1,4904
ENSP00000361653,FOXJ3,22887
ENSP00000361654,FOXJ3,22887
ENSP00000361664,HIVEP3,59269
ENSP00000361665,HIVEP3,59269
ENSP00000361669,ESX1,80712
ENSP00000361672,FOXO6,100132074
ENSP00000361784,ZNF684,127396
ENSP00000361790,ZFP69,339559
ENSP00000361791,ZFP69,339559
ENSP00000361826,RBPJL,11317
ENSP00000361828,RBPJL,11317
ENSP00000361857,RLF,6018
ENSP00000361868,ZMAT1,84460
ENSP00000361902,MYCL,4610
ENSP00000361903,MYCL,4610
ENSP00000361943,HEYL,26508
ENSP00000362008,TRERF1,55809
ENSP00000362011,HNF4A,3172
ENSP00000362013,TRERF1,55809
ENSP00000362070,ECD,11319
ENSP00000362103,POU3F1,5453
ENSP00000362124,TFEB,7942
ENSP00000362127,MTF1,4520
ENSP00000362148,FOXP4,116113
ENSP00000362151,FOXP4,116113
ENSP00000362154,FOXP4,116113
ENSP00000362226,L3MBTL1,26013
ENSP00000362227,L3MBTL1,26013
ENSP00000362260,ZNF711,7552
ENSP00000362272,HDX,139324
ENSP00000362296,POU3F4,5456
ENSP00000362332,TFAP2E,339488
ENSP00000362390,TBX22,50945
ENSP00000362393,TBX22,50945
ENSP00000362410,MAFB,9935
ENSP00000362446,ZNF79,7633
ENSP00000362527,ZNF362,149076
ENSP00000362551,ZBTB34,403341
ENSP00000362556,ZBTB43,23099
ENSP00000362563,ZBTB43,23099
ENSP00000362573,LMX1B,4010
ENSP00000362581,PBX3,5090
ENSP00000362586,PBX3,5090
ENSP00000362588,PBX3,5090
ENSP00000362591,PBX3,5090
ENSP00000362609,ZBTB8A,653121
ENSP00000362613,CDX4,1046
ENSP00000362686,NR6A1,2649
ENSP00000362690,NR5A1,2516
ENSP00000362717,LHX2,9355
ENSP00000362758,ZBTB26,57684
ENSP00000362760,ZBTB26,57684
ENSP00000362763,ZBTB6,10773
ENSP00000362777,ATOH7,220202
ENSP00000362842,ETV7,51513
ENSP00000362843,ETV7,51513
ENSP00000362859,LHX6,26468
ENSP00000362860,LHX6,26468
ENSP00000362922,GMEB1,10691
ENSP00000362979,TGIF2,60436
ENSP00000362981,TGIF2,60436
ENSP00000363064,ZNF76,7629
ENSP00000363124,PHF20,51230
ENSP00000363149,SPDEF,25803
ENSP00000363241,ZNF618,114991
ENSP00000363254,DRGX,644168
ENSP00000363314,LIN28A,79727
ENSP00000363344,ZFP37,7539
ENSP00000363377,FOXO4,4303
ENSP00000363439,IKZF2,22807
ENSP00000363556,ZNF32,7580
ENSP00000363558,ZNF485,220992
ENSP00000363569,ZNF239,8187
ENSP00000363689,ID3,3399
ENSP00000363736,ZNF436,80818
ENSP00000363747,ZNF33A,7581
ENSP00000363772,ZNF510,22869
ENSP00000363782,ZBTB40,9923
ENSP00000363804,KLF4,9314
ENSP00000363812,RXRB,6257
ENSP00000363817,RXRB,6257
ENSP00000363818,ZNF462,58499
ENSP00000363822,AR,367
ENSP00000363853,CREM,1390
ENSP00000363860,CREM,1390
ENSP00000363866,CREM,1390
ENSP00000363995,ZNF189,7743
ENSP00000364023,ZXDB,158586
ENSP00000364126,APEX2,27301
ENSP00000364190,PBX2,5089
ENSP00000364265,FOXE1,2304
ENSP00000364346,ZNF341,84905
ENSP00000364347,ATF6B,1388
ENSP00000364349,ATF6B,1388
ENSP00000364379,ZNF510,22869
ENSP00000364405,ZNF367,195828
ENSP00000364430,SP5,389058
ENSP00000364460,ZNF438,220929
ENSP00000364519,TFDP1,7027
ENSP00000364524,PAX7,5081
ENSP00000364528,KDM5C,8242
ENSP00000364532,KDM5C,8242
ENSP00000364550,KDM5C,8242
ENSP00000364645,ZNF484,83744
ENSP00000364646,ZNF484,83744
ENSP00000364675,ZBTB12,221527
ENSP00000364677,ZBTB12,221527
ENSP00000364885,ZBTB17,7709
ENSP00000364895,ZBTB17,7709
ENSP00000364946,MKX,283078
ENSP00000365145,FOXS1,2307
ENSP00000365273,ID1,3397
ENSP00000365280,ID1,3397
ENSP00000365369,FOXP3,50943
ENSP00000365372,FOXP3,50943
ENSP00000365380,FOXP3,50943
ENSP00000365407,ZNF549,256051
ENSP00000365414,ZNF805,390980
ENSP00000365419,POU5F1,5460
ENSP00000365443,ZSCAN5CP,NA
ENSP00000365514,ZIC2,7546
ENSP00000365619,ZNF337,26152
ENSP00000365687,PTF1A,256297
ENSP00000365838,DPRX,503834
ENSP00000365853,GATA1,2623
ENSP00000365858,GATA1,2623
ENSP00000365897,VSX1,30813
ENSP00000365898,FOXB2,442425
ENSP00000365899,VSX1,30813
ENSP00000365906,ZNF615,284370
ENSP00000365931,SP2,6668
ENSP00000366025,DZIP1,22873
ENSP00000366078,ZFP57,346171
ENSP00000366080,ZFP57,346171
ENSP00000366093,RORB,6096
ENSP00000366142,ZNF182,7569
ENSP00000366153,ZNF81,347344
ENSP00000366155,ZFAND5,7763
ENSP00000366159,ZFAND5,7763
ENSP00000366161,ZFAND5,7763
ENSP00000366182,ELK1,2002
ENSP00000366250,GZF1,64412
ENSP00000366265,ZNF41,7592
ENSP00000366273,ZNF157,7712
ENSP00000366319,FOXA2,3170
ENSP00000366330,KLF9,687
ENSP00000366339,IRF3,3661
ENSP00000366344,IRF3,3661
ENSP00000366347,NKX2-2,4821
ENSP00000366384,ZNF311,282890
ENSP00000366413,POU4F1,5457
ENSP00000366419,TEAD2,8463
ENSP00000366465,ZKSCAN3,80317
ENSP00000366509,ZKSCAN4,387032
ENSP00000366527,ZSCAN16,80345
ENSP00000366534,FOXH1,8928
ENSP00000366542,ZNF165,7718
ENSP00000366630,FOXD4L4,349334
ENSP00000366636,ZNF184,7738
ENSP00000366637,FOXD4L5,653427
ENSP00000366684,RERE,473
ENSP00000366789,LBX2,85474
ENSP00000366897,KLF12,11278
ENSP00000366898,HIF3A,64344
ENSP00000366899,ZNF133,7692
ENSP00000366902,ZBTB48,3104
ENSP00000366915,KLF5,688
ENSP00000367065,HES2,54626
ENSP00000367067,HES2,54626
ENSP00000367068,HES2,54626
ENSP00000367069,ZFAT,57623
ENSP00000367071,PAX5,5079
ENSP00000367078,PAX5,5079
ENSP00000367083,PAX5,5079
ENSP00000367084,PAX5,5079
ENSP00000367130,HES3,390992
ENSP00000367179,IKZF3,22806
ENSP00000367194,IKZF3,22806
ENSP00000367207,MYC,4609
ENSP00000367300,ZNF425,155054
ENSP00000367529,TP73,7161
ENSP00000367534,TP73,7161
ENSP00000367537,TP73,7161
ENSP00000367539,TP73,7161
ENSP00000367545,TP73,7161
ENSP00000367643,PRDM16,63976
ENSP00000367714,HES5,388585
ENSP00000367799,SPI1,6688
ENSP00000367858,AFF4,27125
ENSP00000367972,ID4,3400
ENSP00000368014,PAX4,5078
ENSP00000368309,ETV2,2116
ENSP00000368312,ETV2,2116
ENSP00000368332,ARX,170302
ENSP00000368368,WT1,7490
ENSP00000368370,WT1,7490
ENSP00000368384,ZBTB10,65986
ENSP00000368401,PAX6,5080
ENSP00000368403,PAX6,5080
ENSP00000368406,PAX6,5080
ENSP00000368410,PAX6,5080
ENSP00000368418,PAX6,5080
ENSP00000368424,PAX6,5080
ENSP00000368427,PAX6,5080
ENSP00000368429,USF2,7392
ENSP00000368459,NUFIP1,26747
ENSP00000368475,ZFX,7543
ENSP00000368486,ZFX,7543
ENSP00000368632,GATA3,2625
ENSP00000368686,E2F4,1874
ENSP00000368698,HIVEP1,3096
ENSP00000368754,BAZ2A,11176
ENSP00000368761,ZNF827,152485
ENSP00000368805,GCM2,9247
ENSP00000368836,NFX1,4799
ENSP00000368856,NFX1,4799
ENSP00000368867,ELF2,1998
ENSP00000368868,ELF2,1998
ENSP00000368880,FOXO1,2308
ENSP00000368928,TFAP2A,7020
ENSP00000368933,TFAP2A,7020
ENSP00000368939,FOSL2,2355
ENSP00000369040,ZNF512,84450
ENSP00000369154,SMAD9,4093
ENSP00000369210,SOHLH2,54937
ENSP00000369265,RREB1,6239
ENSP00000369270,RREB1,6239
ENSP00000369774,ZNF763,284390
ENSP00000369777,ZNF768,79724
ENSP00000369973,ZBTB4,57659
ENSP00000370041,BNC2,54796
ENSP00000370042,BNC2,54796
ENSP00000370047,BNC2,54796
ENSP00000370208,RABGEF1,27342
ENSP00000370253,NKX3-1,4824
ENSP00000370256,FOXC1,2296
ENSP00000370270,ESRRB,2103
ENSP00000370284,ZNF561,93134
ENSP00000370343,IRF4,3662
ENSP00000370408,CDX2,1045
ENSP00000370421,PDX1,3651
ENSP00000370532,GTF3A,2971
ENSP00000370616,ZBED1,9189
ENSP00000370620,ZBED1,9189
ENSP00000370654,HOPX,84525
ENSP00000370712,CAMTA2,23125
ENSP00000370723,CLOCK,9575
ENSP00000370936,E2F6,1876
ENSP00000370949,NFXL1,152518
ENSP00000370981,LZTS1,11178
ENSP00000370987,SHOX,6473
ENSP00000370990,SHOX,6473
ENSP00000371398,GLIS3,169792
ENSP00000371434,RFX3,5991
ENSP00000371451,DNAJC21,134218
ENSP00000371502,CREBBP,1387
ENSP00000371553,NANOGNB,360030
ENSP00000371627,ZNF205,7755
ENSP00000371659,LCORL,254251
ENSP00000371661,LCORL,254251
ENSP00000371686,DMRT2,10655
ENSP00000371690,DMRT2,10655
ENSP00000371711,DMRT1,1761
ENSP00000371785,OLIG1,116448
ENSP00000371786,ONECUT3,390874
ENSP00000371794,OLIG2,10215
ENSP00000371846,DEAF1,10522
ENSP00000371859,BAZ1A,11177
ENSP00000371875,NKX3-2,579
ENSP00000371940,FOXD4,2298
ENSP00000372056,IRX2,153572
ENSP00000372170,MSX1,4487
ENSP00000372256,KDM5D,8284
ENSP00000372265,KDM5A,5927
ENSP00000372303,HSFY2,86614
ENSP00000372303,HSFY2,159119
ENSP00000372307,HSFY1,86614
ENSP00000372407,MBD1,4152
ENSP00000372525,ZFY,7544
ENSP00000372553,ZIC4,84107
ENSP00000372635,ZBTB38,253461
ENSP00000372642,ATF6B,1388
ENSP00000372683,ZBTB22,9278
ENSP00000372703,RXRB,6257
ENSP00000372704,RXRB,6257
ENSP00000372757,PBX2,5089
ENSP00000373016,POU5F1,5460
ENSP00000373124,ZFP57,346171
ENSP00000373151,ZNF311,282890
ENSP00000373274,ZNF860,344787
ENSP00000373282,RARB,5915
ENSP00000373283,NR1D2,9975
ENSP00000373572,FOXI2,399823
ENSP00000373895,POU6F1,5463
ENSP00000373923,STAT3,6774
ENSP00000373933,WIZ,58525
ENSP00000373992,POU2F2,5452
ENSP00000374185,ZNF841,284371
ENSP00000374205,TBR1,10716
ENSP00000374240,SHOX2,6474
ENSP00000374253,MYRF,745
ENSP00000374326,MRPL28,10573
ENSP00000374357,ARNTL,406
ENSP00000374359,ZXDC,79364
ENSP00000375084,FOXP2,93986
ENSP00000375248,BHLHA9,727857
ENSP00000375582,ZNF552,79818
ENSP00000375584,ZNF211,10520
ENSP00000375586,ZNF304,57343
ENSP00000375590,ZNF470,388566
ENSP00000375593,ZSCAN5A,79149
ENSP00000375598,ZNF628,89887
ENSP00000375656,ZNF816-ZNF321P,100529240
ENSP00000375657,ZNF583,147949
ENSP00000375660,ZNF320,162967
ENSP00000375661,ZNF28,7576
ENSP00000375662,ZNF701,55762
ENSP00000375665,ZNF528,84436
ENSP00000375671,ZNF613,79898
ENSP00000375672,ZNF615,284370
ENSP00000375697,ZNF473,25888
ENSP00000375761,ESRRG,2104
ENSP00000375770,ZNF541,84215
ENSP00000375818,ZNF180,7733
ENSP00000375820,ZNF233,353355
ENSP00000375822,ZNF222,7673
ENSP00000375823,ZNF227,7770
ENSP00000375827,ZNF576,79177
ENSP00000375895,ZNF140,7699
ENSP00000375899,SP140,11262
ENSP00000375902,SP110,3431
ENSP00000375921,PAX3,5077
ENSP00000375922,PAX3,5077
ENSP00000375983,ZNF573,126231
ENSP00000375988,ZFP30,22835
ENSP00000375992,ZNF569,148266
ENSP00000375993,ZNF569,148266
ENSP00000375994,HKR1,284459
ENSP00000375998,ZNF585A,199704
ENSP00000376010,ZNF566,84924
ENSP00000376013,ZNF565,147929
ENSP00000376035,ZBTB32,27033
ENSP00000376065,ZNF181,339318
ENSP00000376110,ZNF493,284443
ENSP00000376124,PLAGL1,5325
ENSP00000376133,ZNF84,7637
ENSP00000376134,STAT4,6775
ENSP00000376135,ZNF605,100289635
ENSP00000376136,STAT1,6772
ENSP00000376137,STAT1,6772
ENSP00000376173,MAFG,4097
ENSP00000376205,ZNF664,144348
ENSP00000376253,TP63,8626
ENSP00000376254,TP63,8626
ENSP00000376256,TP63,8626
ENSP00000376322,HOXD13,3239
ENSP00000376327,ATF2,1386
ENSP00000376436,ETS1,2113
ENSP00000376453,CERS6,253782
ENSP00000376502,RFX5,5993
ENSP00000376533,BAZ2B,29994
ENSP00000376534,BAZ2B,29994
ENSP00000376585,RFX4,5992
ENSP00000376601,ZEB2,9839
ENSP00000376712,NR1H4,9971
ENSP00000376721,ZBTB16,7704
ENSP00000376765,PIAS3,10401
ENSP00000376766,PIAS3,10401
ENSP00000376813,NR2C1,7181
ENSP00000376814,NR2C2,7182
ENSP00000376842,MXI1,4601
ENSP00000376988,ZNF800,168850
ENSP00000376989,ZNF800,168850
ENSP00000377008,ZNF44,51710
ENSP00000377019,MAF,4094
ENSP00000377080,ZFP1,162239
ENSP00000377125,TFEC,22797
ENSP00000377129,FOXP2,93986
ENSP00000377130,FOXP2,93986
ENSP00000377132,FOXP2,93986
ENSP00000377135,FOXP2,93986
ENSP00000377171,ZNF23,7571
ENSP00000377218,IRF2,3660
ENSP00000377265,TFAP2B,7021
ENSP00000377271,MEOX1,4222
ENSP00000377273,ETV4,2118
ENSP00000377319,NR1I2,8856
ENSP00000377343,NFAT5,10725
ENSP00000377375,ZBTB20,26137
ENSP00000377410,CUX1,1523
ENSP00000377435,TBX4,9496
ENSP00000377461,ZNF559,84527
ENSP00000377504,ZNF414,84330
ENSP00000377591,SMARCC2,6601
ENSP00000377643,RARA,5914
ENSP00000377648,RARA,5914
ENSP00000377649,RARA,5914
ENSP00000377652,SMAD1,4086
ENSP00000377672,CERS3,204219
ENSP00000377679,THRA,7067
ENSP00000377706,ZSCAN25,221785
ENSP00000377708,ZSCAN25,221785
ENSP00000377718,ZNF655,79027
ENSP00000377721,NR2F2,7026
ENSP00000377725,ZKSCAN5,23660
ENSP00000377773,ZNF300,91975
ENSP00000377782,ELF2,1998
ENSP00000377824,TFEB,7942
ENSP00000377854,LHX6,26468
ENSP00000377864,HOXC6,3223
ENSP00000377873,ZNF358,140467
ENSP00000377880,MITF,4286
ENSP00000377947,RARG,5916
ENSP00000377977,NR3C1,2908
ENSP00000377979,NR3C1,2908
ENSP00000377989,REL,5966
ENSP00000378097,PITX2,5308
ENSP00000378104,MAX,4149
ENSP00000378132,IRX5,10265
ENSP00000378165,ZNF207,7756
ENSP00000378168,ZNF207,7756
ENSP00000378172,ZNF207,7756
ENSP00000378204,ZBTB25,7597
ENSP00000378286,ZBTB3,79842
ENSP00000378297,NFKB1,4790
ENSP00000378301,NR4A1,3164
ENSP00000378302,NR4A1,3164
ENSP00000378369,ZNF16,7564
ENSP00000378429,ZNF646,9726
ENSP00000378434,ZNF668,79759
ENSP00000378446,HIF1A,3091
ENSP00000378503,ZBTB9,221504
ENSP00000378526,ZNF764,92595
ENSP00000378531,NR4A3,8013
ENSP00000378536,ZBTB46,140685
ENSP00000378578,AFF1,4299
ENSP00000378642,ZNF785,146540
ENSP00000378650,TBX6,6911
ENSP00000378734,VDR,7421
ENSP00000378783,ZNF676,163223
ENSP00000378789,ZNF107,51427
ENSP00000378792,ZNF169,169841
ENSP00000378793,NR1H3,10062
ENSP00000378813,TCF3,6929
ENSP00000378881,ZNF484,83744
ENSP00000378882,ZNF484,83744
ENSP00000378938,ZHX1,11244
ENSP00000379063,TRPS1,7227
ENSP00000379065,TRPS1,7227
ENSP00000379106,SREBF1,6720
ENSP00000379143,ZNF32,7580
ENSP00000379168,ZNF287,57336
ENSP00000379169,ZNF287,57336
ENSP00000379189,NCOR1,9611
ENSP00000379190,NCOR1,9611
ENSP00000379192,NCOR1,9611
ENSP00000379197,NCOA1,8648
ENSP00000379198,NCOR1,9611
ENSP00000379208,ZNF248,57209
ENSP00000379222,KLF10,7071
ENSP00000379225,CREM,1390
ENSP00000379231,ZNF286A,57335
ENSP00000379238,ARNTL2,56938
ENSP00000379258,GLI3,2737
ENSP00000379260,GRHL2,79977
ENSP00000379312,ZFP64,55734
ENSP00000379319,SALL4,57167
ENSP00000379330,NFATC2,4773
ENSP00000379346,ADNP,23394
ENSP00000379349,ADNP,23394
ENSP00000379358,AR,367
ENSP00000379359,AR,367
ENSP00000379363,ZNF501,115560
ENSP00000379368,ZNF35,7584
ENSP00000379369,FOXB1,27023
ENSP00000379370,ZNF197,10168
ENSP00000379387,ZNF445,353274
ENSP00000379451,ZNF418,147686
ENSP00000379458,ZNF586,54807
ENSP00000379464,ZNF134,7693
ENSP00000379482,ZNF548,147694
ENSP00000379507,RORB,6096
ENSP00000379585,ID2,3398
ENSP00000379592,CREB5,9586
ENSP00000379593,CREB5,9586
ENSP00000379594,CREB5,9586
ENSP00000379633,HOXA10,3206
ENSP00000379640,HOXA3,3200
ENSP00000379658,ETV6,2120
ENSP00000379684,ZNF813,126017
ENSP00000379689,ZNF765,91661
ENSP00000379701,HNF4G,3174
ENSP00000379702,ZNF665,79788
ENSP00000379811,SP140L,93349
ENSP00000379816,ZNF705A,440077
ENSP00000379816,ZNF705A,100131539
ENSP00000379838,CARHSP1,23589
ENSP00000379843,ZNF143,7702
ENSP00000379847,ZNF143,7702
ENSP00000379849,ZNF143,7702
ENSP00000379904,THRB,7068
ENSP00000379912,ATF4,468
ENSP00000380019,ZNF384,171017
ENSP00000380034,SNAI2,6591
ENSP00000380039,ZSCAN12,9753
ENSP00000380050,ZSCAN31,64288
ENSP00000380053,LEUTX,342900
ENSP00000380057,ZSCAN32,54925
ENSP00000380061,ZSCAN32,54925
ENSP00000380072,MYBL2,4605
ENSP00000380073,IRF9,10379
ENSP00000380077,ZNF200,7752
ENSP00000380079,ZNF200,7752
ENSP00000380080,ZNF200,7752
ENSP00000380087,ZNF213,7760
ENSP00000380102,ZNF461,92283
ENSP00000380120,RBAK,57786
ENSP00000380165,ZNF182,7569
ENSP00000380170,ZSCAN29,146050
ENSP00000380174,ZSCAN29,146050
ENSP00000380191,NRL,4901
ENSP00000380193,NRL,4901
ENSP00000380195,PPARG,5468
ENSP00000380196,PPARG,5468
ENSP00000380197,NRL,4901
ENSP00000380205,PPARG,5468
ENSP00000380207,PPARG,5468
ENSP00000380210,PPARG,5468
ENSP00000380218,PPARG,5468
ENSP00000380221,PPARG,5468
ENSP00000380224,PPARG,5468
ENSP00000380228,ZNF691,51058
ENSP00000380252,NFE2L2,4780
ENSP00000380253,NFE2L2,4780
ENSP00000380272,ZNF91,7644
ENSP00000380293,ZNF99,7652
ENSP00000380310,ZNF676,163223
ENSP00000380311,TEAD4,7004
ENSP00000380315,ZNF208,7757
ENSP00000380321,TULP3,7289
ENSP00000380348,ZNF682,91120
ENSP00000380351,ZNF682,91120
ENSP00000380451,REPIN1,29803
ENSP00000380478,JARID2,3720
ENSP00000380494,MYCL,4610
ENSP00000380516,HMBOX1,79618
ENSP00000380697,IRF7,3665
ENSP00000380700,IRF7,3665
ENSP00000380704,IRF7,3665
ENSP00000380745,MEIS2,4212
ENSP00000380749,MEIS2,4212
ENSP00000380768,PAX8,7849
ENSP00000380840,ZNF709,163051
ENSP00000380850,ZNF44,51710
ENSP00000380861,ZBTB44,29068
ENSP00000380866,ZNF788,NA
ENSP00000380892,NFATC1,4772
ENSP00000380999,ZNF846,162993
ENSP00000381304,ZFP90,146198
ENSP00000381382,TCF4,6925
ENSP00000381435,MBD2,8932
ENSP00000381452,SMAD4,4089
ENSP00000381486,NOTO,344022
ENSP00000381499,PAX1,5075
ENSP00000381502,MBD1,4152
ENSP00000381506,MBD1,4152
ENSP00000381508,MBD1,4152
ENSP00000381512,ZBTB21,49854
ENSP00000381517,ZBTB21,49854
ENSP00000381523,ZBTB21,49854
ENSP00000381556,PRDM15,63977
ENSP00000381595,HMOX2,3163
ENSP00000381613,ZNF596,169270
ENSP00000381648,PIAS2,9063
ENSP00000381694,ZNF720,124411
ENSP00000381871,ERG,2078
ENSP00000381877,ERG,2078
ENSP00000381879,ERG,2078
ENSP00000381881,ERG,2078
ENSP00000381882,ERG,2078
ENSP00000381891,ERG,2078
ENSP00000382015,ZNF24,7572
ENSP00000382114,MYT1L,23040
ENSP00000382182,RUNX1,861
ENSP00000382182,RUNX1,100506403
ENSP00000382184,RUNX1,861
ENSP00000382184,RUNX1,100506403
ENSP00000382216,SMAD9,4093
ENSP00000382293,ETV1,2115
ENSP00000382352,ZNF521,25925
ENSP00000382395,HIVEP1,3096
ENSP00000382511,ZNF195,7748
ENSP00000382513,ZNF594,84622
ENSP00000382688,KDM5A,5927
ENSP00000382742,HIC1,3090
ENSP00000382800,RUNX3,864
ENSP00000382805,BACH1,571
ENSP00000382805,BACH1,100379661
ENSP00000382948,GABPA,2551
ENSP00000382957,ZNF705D,728957
ENSP00000382975,L3MBTL4,91133
ENSP00000382976,L3MBTL4,91133
ENSP00000382987,ZNF705B,100132396
ENSP00000383009,ZBTB14,7541
ENSP00000383020,ZNF705G,100131980
ENSP00000383031,TGIF1,7050
ENSP00000383301,ZNF74,7625
ENSP00000383502,PAX7,5081
ENSP00000383516,HMX1,3166
ENSP00000383700,RERE,473